Organization,Followed On
QDojo.ai,Thu Feb 26 02:00:54 UTC 2026
"KnovoicOrb, LLC",Wed Feb 25 22:37:10 UTC 2026
Samsung Semiconductor,Sat Feb 07 03:44:34 UTC 2026
Persona,Sat Jan 10 03:02:07 UTC 2026
Andiamo,Thu Jan 08 20:09:26 UTC 2026
TikTok,Thu Jan 08 20:08:21 UTC 2026
Intelliswift - An LTTS Company,Thu Jan 08 20:06:43 UTC 2026
Vista Applied Solutions Group Inc,Mon Jan 05 22:11:38 UTC 2026
FABCON & SQLCON - The Microsoft Fabric & SQL Community Conferences,Sun Dec 14 08:52:07 UTC 2025
Telangana American Telugu Association,Sun Dec 14 08:52:02 UTC 2025
Anthropic,Tue Dec 09 01:08:58 UTC 2025
NASA - National Aeronautics and Space Administration,Tue Dec 09 01:08:57 UTC 2025
Perplexity,Tue Dec 09 01:08:55 UTC 2025
Netflix,Fri Nov 21 21:25:55 UTC 2025
LinkedIn News,Fri Nov 21 21:25:52 UTC 2025
CONFLUX SYSTEMS,Mon Nov 17 22:45:47 UTC 2025
Access Global Group,Mon Nov 17 22:45:25 UTC 2025
PTR Global,Mon Nov 17 22:44:59 UTC 2025
Armada,Mon Nov 17 22:44:34 UTC 2025
Freshworks,Mon Nov 17 22:43:15 UTC 2025
"Kestra Medical Technologies, Inc.",Mon Nov 17 22:41:40 UTC 2025
Pairwise,Mon Nov 17 22:39:43 UTC 2025
AvePoint,Mon Nov 17 22:35:55 UTC 2025
EventLabs,Thu Nov 13 05:15:15 UTC 2025
Ventures Unlimited Inc,Fri Oct 31 23:25:33 UTC 2025
Ateeca Inc,Fri Oct 31 23:22:01 UTC 2025
Ascendion,Fri Oct 31 23:19:14 UTC 2025
Docling,Fri Oct 31 18:25:22 UTC 2025
ArcelorMittal Global Business & Technologies,Fri Oct 24 21:13:18 UTC 2025
LTIMindtree,Wed Sep 24 18:15:47 UTC 2025
Nimbus,Wed Sep 24 00:33:17 UTC 2025
Seawolf AI,Fri Sep 19 01:10:11 UTC 2025
FurtherAI,Fri Sep 19 00:03:10 UTC 2025
Auger,Sun Sep 14 00:46:11 UTC 2025
Sitrus Projects,Fri Sep 12 17:14:39 UTC 2025
Stealth Startup,Thu Sep 11 00:37:59 UTC 2025
Kiro,Mon Sep 08 15:06:10 UTC 2025
Stealth AI Startup,Sat Aug 30 01:09:39 UTC 2025
C2Zlabs,Sat Aug 30 01:06:56 UTC 2025
WASHINGTON TELANGANA ASSOCIATION,Wed Aug 13 23:24:15 UTC 2025
WATS - Washington Telugu Samithi,Wed Aug 13 23:23:12 UTC 2025
ChatGPT for Education,Fri Aug 08 18:20:46 UTC 2025
ChatGPT,Fri Aug 08 18:20:41 UTC 2025
People Tech Group Inc,Fri Aug 08 18:15:19 UTC 2025
"American Unit, Inc",Mon Jul 28 19:00:35 UTC 2025
Microsoft Copilot,Fri Jul 18 17:15:53 UTC 2025
Microsoft Fabric,Thu Jul 17 04:11:53 UTC 2025
Maven Analytics,Wed Jul 16 18:24:47 UTC 2025
LinkedIn,Tue Jul 15 22:35:17 UTC 2025
USCIS,Sat Jul 12 21:55:34 UTC 2025
Microsoft AI Skills,Tue Jul 08 05:39:13 UTC 2025
Google for Developers,Tue Jul 08 04:14:02 UTC 2025
Azure Cosmos DB,Tue Jul 08 04:14:00 UTC 2025
Pantech ProEd Pvt Ltd,Mon Jul 07 18:22:12 UTC 2025
Pantech.AI,Mon Jul 07 18:21:58 UTC 2025
Government Institute of Electronics,Mon Jul 07 17:45:50 UTC 2025
QMigrator,Sun Jul 06 00:18:55 UTC 2025
Quadrant Careers,Sun Jul 06 00:18:51 UTC 2025
GitHub,Thu Jul 03 20:22:33 UTC 2025
"Queens, a puzzle by LinkedIn",Sat May 31 14:55:56 UTC 2025
"Tango, a puzzle by LinkedIn",Fri May 30 03:39:34 UTC 2025
"Zip, a puzzle by LinkedIn",Fri May 30 03:36:58 UTC 2025
Quadrant Technologies,Mon May 26 20:07:53 UTC 2025
"QUICK USA, Inc.",Thu Apr 03 01:01:36 UTC 2025
Akkodis,Mon Mar 31 21:33:31 UTC 2025
OPPO India,Sat Feb 22 06:07:01 UTC 2025
QikCell by tickioT,Thu Jan 30 20:12:40 UTC 2025
MISA CSUN,Sun Apr 28 13:53:33 UTC 2024
Free Online Courses,Tue Mar 19 02:21:24 UTC 2024
Microsoft Learn,Tue Mar 19 02:21:20 UTC 2024
Salesforce,Tue Mar 19 02:21:20 UTC 2024
Microsoft Azure,Tue Mar 19 02:21:18 UTC 2024
IBM,Thu Feb 01 02:38:21 UTC 2024
Way2freshers,Thu Feb 01 02:38:16 UTC 2024
Amazon Web Services (AWS),Thu Feb 01 02:38:12 UTC 2024
GeeksforGeeks,Thu Feb 01 02:38:10 UTC 2024
Deloitte,Thu Feb 01 02:38:05 UTC 2024
Accenture,Thu Feb 01 02:38:02 UTC 2024
Cisco,Thu Feb 01 02:37:53 UTC 2024
GenAI Works,Thu Feb 01 02:37:52 UTC 2024
w3schools.com,Wed Dec 20 21:53:01 UTC 2023
OpenAI,Wed Dec 20 21:52:59 UTC 2023
Dialpad,Mon Oct 09 20:19:45 UTC 2023
USTECHSYSTEM,Thu Sep 21 18:00:01 UTC 2023
JB Institute Of Engineering and Technology (JBIET),Fri Mar 03 00:07:53 UTC 2023
SingleStore,Tue Nov 29 21:09:28 UTC 2022
Microsoft,Tue Nov 29 21:09:20 UTC 2022
Google,Tue Nov 29 21:09:20 UTC 2022
Capgemini,Tue Nov 29 21:02:30 UTC 2022
"Associated Students at California State University, Northridge",Thu Sep 08 03:07:08 UTC 2022
"California State University, Northridge - Tseng College",Thu Sep 08 03:07:00 UTC 2022
"California State University, Northridge",Tue Aug 09 19:55:50 UTC 2022
Walmart Global Tech India,Wed Jul 07 14:14:19 UTC 2021
Deloitte India (Offices of the US),Wed Jul 07 14:14:06 UTC 2021
Amazon,Wed Jul 07 14:13:47 UTC 2021
GovtJobsAlert.In,Wed Jul 07 14:13:33 UTC 2021
Tata Consultancy Services,Wed Jul 07 14:13:30 UTC 2021
Cognizant,Wed Jul 07 14:13:29 UTC 2021
Tech Mahindra,Wed Jul 07 14:13:28 UTC 2021